[
  {
    "id": "45af6be1-6e9f-4cb7-9f82-de2cfd6a91d7",
    "data": [
      {
        "text": "How does a firewall work?",
        "userDefined": false
      }
    ],
    "isTemplate": false,
    "count": 0,
    "lang": "en",
    "updated": 0
  },
  {
    "id": "4b780402-b210-4d2f-9522-751a19715aa3",
    "data": [
      {
        "text": "Definition of a network firewall",
        "userDefined": false
      }
    ],
    "isTemplate": false,
    "count": 0,
    "lang": "en",
    "updated": 0
  },
  {
    "id": "73e96ee2-ee01-442e-a6b6-b1fa6e64e32f",
    "data": [
      {
        "text": "Can you explain firewalls to me?",
        "userDefined": false
      }
    ],
    "isTemplate": false,
    "count": 0,
    "lang": "en",
    "updated": 0
  },
  {
    "id": "6056da46-c1ab-4305-9e70-69e605cbefd2",
    "data": [
      {
        "text": "What is a firewall?",
        "userDefined": false
      }
    ],
    "isTemplate": false,
    "count": 0,
    "lang": "en",
    "updated": 0
  }
]